-- ================================================================
-- 문서 기반 확장 더미 데이터
-- source: client-front/docs/비누_*_카테고리별정리.md, client-front/docs/qna
-- ================================================================

INSERT INTO selection_items (id, slug, type, category, title, label, price_text, affiliate_text, reason, fit_for, notice, image_url, rating_text, review_count_text, is_highlighted, external_url, status, sort_order) VALUES
    ('c1000000-0000-0000-0000-000000000001', 'frosch-washer-cleaner', 'product', '세탁/침구', '프로쉬 세탁조 클리너 250g', '세탁조', '약 8,500~11,900원', '쿠팡/마켓컬리', 'pH 2.6 산성 타입으로 세탁기 호스와 배수펌프에 쌓인 물때, 찌든 때, 석회질을 관리하는 세탁조 클리너', '오랫동안 세탁조를 청소하지 않았거나 세탁기에서 냄새가 날 때', '통돌이/드럼 겸용 여부와 사용 후 헹굼 횟수는 제품 안내를 확인하세요.', '/cleanloop/images/selection-frosch-washer-cleaner.png', '4.7', '후기 1,174개', TRUE, 'https://www.coupang.com/vp/products/6489234192', 'published', 10),
    ('c1000000-0000-0000-0000-000000000002', 'downy-unstopables-ocean', 'product', '세탁/침구', '다우니 언스탑퍼블 오션미스트 1.13kg', '향기부스터', '약 30,990원', '11번가/코스트코', '세탁 시 세제와 함께 넣는 알갱이형 향기 지속제로 실내건조 냄새와 잔향 관리에 쓰기 좋은 세탁 보조제', '세탁 후 향이 오래 지속되길 원하거나 실내건조 냄새가 신경 쓰일 때', '향 종류와 묶음 수량에 따라 가격 차이가 큽니다.', '/cleanloop/images/selection-downy-unstopables-ocean.png', '4.6', '후기 100개', FALSE, 'https://www.11st.co.kr/products/1323262484', 'published', 11),
    ('c1000000-0000-0000-0000-000000000003', 'washswat-bedding', 'service', '세탁/침구', '세탁특공대 이불 세탁 서비스', '이불세탁', '공식 가격표 확인', '세탁특공대', '모바일로 신청하면 대형 이불을 집 앞에서 수거해 세탁, 건조 후 다시 배송하는 비대면 세탁 서비스', '집 세탁기로 감당하기 어려운 대형 이불을 들고 나가지 않고 처리하고 싶을 때', '거주 지역과 세탁 불가 소재를 예약 전 확인하세요.', '/cleanloop/images/selection-washswat-bedding.png', '확인 안 됨', '공식 가격표 기준', TRUE, 'https://www.getwashswat.com/price', 'published', 12),
    ('c1000000-0000-0000-0000-000000000004', 'homestar-mold-spray', 'product', '욕실', '홈스타 뿌리는 곰팡이 싹 750ml', '곰팡이', '약 11,000~21,000원', '쿠팡/LG생활건강', '염소계 표백 성분의 거품이 타일 줄눈과 실리콘 틈새에 붙어 검은 곰팡이를 제거하는 욕실 세정제', '타일 줄눈이나 실리콘 코킹에 생긴 검은 곰팡이를 정기적으로 제거할 때', '반드시 환기하고 고무장갑을 착용하세요. 금속과 색 있는 실리콘은 먼저 테스트하세요.', '/cleanloop/images/selection-homestar-mold-spray.png', '4.5', '후기 53,779개', TRUE, 'https://www.lgcaremall.com/product/detail/S10002218', 'published', 13),
    ('c1000000-0000-0000-0000-000000000005', 'okong-bath-silicone', 'product', '욕실', '오공 욕실용 바이오 실리콘 실란트 SS710', '욕실보수', '약 3,000~5,400원', '시트라인/건재몰', '항균 성분을 더한 욕실, 싱크대, 세면대용 실리콘 코킹재로 습한 공간의 곰팡이 발생을 줄이는 보수용품', '욕조나 세면대 실리콘 코킹이 갈라지거나 검게 변색되어 재시공이 필요할 때', '실리콘건 등 시공 도구와 색상 옵션을 확인하세요.', '/cleanloop/images/selection-okong-bath-silicone.png', '확인 안 됨', '판매처별 상이', FALSE, 'https://www.sheetline.co.kr/', 'published', 14),
    ('c1000000-0000-0000-0000-000000000006', 'miso-homeclean-doc', 'service', '욕실', '미소 가사도우미 홈클린 서비스', '방문청소', '2시간 34,900원부터', '미소', '가사도우미가 방문해 욕실, 주방, 세탁, 정리를 2~8시간 단위로 제공하는 방문형 홈클리닝 서비스', '일상적인 욕실 청소를 정기적으로 맡기고 싶을 때', '곰팡이, 찌든 때, 물때 전문청소와 소독, 방충, 방역은 기본 범위에서 제외될 수 있습니다.', '/cleanloop/images/selection-miso-homeclean.png', '확인 안 됨', '앱 예약 기준', FALSE, 'https://miso.kr/homeclean', 'published', 15),
    ('c1000000-0000-0000-0000-000000000007', 'naum-tpu-cutting-board', 'product', '주방', '나움 모먼트 TPU 도마세트', '도마세트', '약 49,900원', '오늘의집', '99.9% 항균 TPU 재질 도마 4장과 스탠드 구성으로 육류, 생선, 채소, 과일 용도를 나눠 쓰기 좋습니다.', '도마를 용도별로 분리해 교차오염을 줄이고 싶은 1~2인 가구', '식기세척기 사용 가능 여부와 조리대 크기를 확인하세요.', '/cleanloop/images/selection-naum-tpu-cutting-board.png', '4.8', '후기 577개', TRUE, 'https://ohou.se/store/category?category_id=16310002', 'published', 16),
    ('c1000000-0000-0000-0000-000000000008', 'scotchbrite-antibacterial-sponge', 'product', '주방', '3M 스카치브라이트 항균 스펀지 다목적수세미', '수세미', '20개입 12,000원', '3M스토어', '항균 처리된 스펀지형 다목적 수세미로 설거지용 스펀지를 짧은 주기로 교체하며 위생 관리하기 좋습니다.', '설거지용 수세미를 정기적으로 교체하고 싶은 집', '구성, 개수, 사이즈가 판매처마다 다릅니다.', '/cleanloop/images/selection-scotchbrite-sponge.png', '확인 안 됨', '판매처별 상이', FALSE, 'https://3mstore.co.kr/category/%EC%88%98%EC%84%B8%EB%AF%B8/36/', 'published', 17),
    ('c1000000-0000-0000-0000-000000000009', 'haatz-hood-cleaner', 'product', '주방', '하츠 판클리너 렌지후드 필터 세정제', '후드필터', '약 7,880~15,760원', '미소홈/SSG', '렌지후드 필터망 전용 세정제로 정해진 비율로 희석해 필터를 담가 기름때를 제거합니다.', '렌지후드 사용시간 알림이 뜨거나 일반 세제로 안 빠지는 기름때가 눌어붙었을 때', '자사 필터 전용 설계라 타 브랜드 필터는 변색 위험이 있습니다.', '/cleanloop/images/selection-haatz-hood-cleaner.png', '확인 안 됨', '판매처별 상이', FALSE, 'https://misohome.net/', 'published', 18),
    ('c1000000-0000-0000-0000-000000000010', 'oneul-pickup-doc', 'service', '쓰레기/수거', '오늘수거 비대면 쓰레기 수거', '비대면수거', '100g당 약 140원', '오늘수거', '전용 비닐에 담아 문 앞에 내놓으면 밤 10시 이후 비대면으로 수거하는 당일 쓰레기 수거 서비스', '분리수거장이 멀거나 야간에 쓰레기를 직접 버리기 번거로운 1인 가구와 자취생', '서울, 수도권 중심 서비스이며 무게 기준 요금이라 배출량이 많으면 비용이 늘 수 있습니다.', '/cleanloop/images/selection-oneul-pickup.png', '확인 안 됨', '앱 소개 기준', TRUE, 'https://apps.apple.com/kr/app/id1606684132', 'published', 19),
    ('c1000000-0000-0000-0000-000000000011', 'cuckoo-ecowhale', 'product', '쓰레기/수거', '쿠쿠 에코웨일 음식물처리기 CFD-ENL201DCGW', '음식물처리기', '약 38만~46만원대', '쿠쿠/11번가', '분쇄와 열풍건조 방식으로 음식물쓰레기를 감량하고 탈취하는 2L 용량 가정용 음식물처리기', '음식물쓰레기 냄새와 배출 부피, 배출 횟수를 줄이고 싶은 가정', '탈취필터 교체 비용, 설치 공간, 소비전력을 확인하세요.', '/cleanloop/images/selection-cuckoo-ecowhale.png', '확인 안 됨', '공식몰 후기 207건', FALSE, 'https://www.cuckoo.co.kr/', 'published', 20),
    ('c1000000-0000-0000-0000-000000000012', 'parisien-food-bin', 'product', '쓰레기/수거', '파리지앵 진공 음식물쓰레기통 3L', '냄새차단', '약 15,300원', '쿠팡', '뚜껑을 닫으면 냄새를 차단하는 진공 밀폐 방식의 3L 소형 음식물쓰레기통', '별도 가전제품 없이 저렴하게 음식물쓰레기 냄새를 줄이고 싶은 1~2인 가구', '용량이 작아 배출 주기가 잦아질 수 있습니다.', '/cleanloop/images/selection-parisien-food-bin.png', '4.5', '후기 768개', FALSE, 'https://www.coupang.com/vp/products/7563436738', 'published', 21),
    ('c1000000-0000-0000-0000-000000000013', 'comet-spray-mop', 'product', '바닥/먼지', '코멧 스프레이 밀대걸레 세트', '물걸레', '약 11,600~12,890원', '쿠팡', '스프레이 분사 기능과 360도 회전 헤드, 극세사 패드가 포함된 물걸레 밀대 세트', '별도 세제 스프레이 없이 밀대 하나로 물걸레질까지 끝내고 싶을 때', '밀대 길이와 리필 패드 규격을 확인하세요.', '/cleanloop/images/selection-comet-spray-mop.png', '4.7', '후기 35,320개', TRUE, 'https://www.coupang.com/vp/products/6113657232', 'published', 22),
    ('c1000000-0000-0000-0000-000000000014', 'scotchbrite-static-cloth', 'product', '바닥/먼지', '3M 스카치브라이트 정전기 청소포', '청소포', '대형 30매 약 5,800원부터', '11번가/다나와', '정전기 유도 코팅 부직포로 바닥의 먼지와 머리카락을 흡착하는 건식 또는 물걸레 겸용 리필형 청소포', '물걸레질 전 마른 먼지를 먼저 제거하거나 반려동물 털을 매일 가볍게 훔칠 때', '밀대 헤드 규격과 표준형/대형 사이즈를 확인하세요.', '/cleanloop/images/selection-scotchbrite-static-cloth.png', '확인 안 됨', '판매처별 상이', FALSE, 'https://prod.danawa.com/info/?pcode=3864540', 'published', 23),
    ('c1000000-0000-0000-0000-000000000015', 'cleaninglab-homeclean', 'service', '바닥/먼지', '청소연구소 방문청소 서비스', '방문청소', '예약 화면 확인', '청소연구소', '교육받은 파트너가 방문해 집 전체 또는 특정 공간을 청소해주는 매칭형 방문청소 플랫폼', '대청소 시간과 체력이 부족하거나 반려동물이 있어 바닥 먼지 관리가 잦은 가정', '매니저별 품질 편차 후기가 있어 선호 매니저 지정 예약이 도움이 됩니다.', '/cleanloop/images/selection-cleaninglab-homeclean.png', '확인 안 됨', '공식 후기 다수', FALSE, 'https://www.cleaninglab.co.kr/office_clean', 'published', 24),
    ('c1000000-0000-0000-0000-000000000016', 'miso-aircon-doc', 'service', '계절/가전', '미소 스탠드형 에어컨 완전분해 청소', '에어컨청소', '94,500원부터', '미소', '브랜드 관계없이 스탠드형 에어컨을 분해해 전문 장비로 세척하는 방문형 가전 청소 서비스', '여름철 가동 전 곰팡이, 냄새 제거와 냉방 효율 회복이 필요할 때', '벽걸이, 스탠드, 시스템 기종을 정확히 구분하고 성수기 예약 지연 가능성을 고려하세요.', '/cleanloop/images/selection-miso-aircon-doc.png', '확인 안 됨', '앱 예약 기준', TRUE, 'https://miso.kr/appclean', 'published', 25),
    ('c1000000-0000-0000-0000-000000000017', 'winix-dehumidifier-12l', 'product', '계절/가전', '위닉스 뽀송 제습기 12L', '제습기', '약 20만원 초중반대', '쿠팡/다나와', '일일 제습량 12L, 물통 3.0L급 가정용 제습기로 장마철 실내 습도와 곰팡이 냄새 관리에 좋습니다.', '장마철과 여름철 실내 눅눅함을 줄이고 싶은 원룸부터 중형 평수 가정', '물통 용량, 소비전력, 소음 수준을 확인하세요.', '/cleanloop/images/selection-winix-dehumidifier.png', '확인 안 됨', '스테디셀러 언급', FALSE, 'https://prod.danawa.com/info/?pcode=19395899', 'published', 26),
    ('c1000000-0000-0000-0000-000000000018', 'moolmukneunhama-closet', 'product', '계절/가전', '옥시 물먹는하마 옷장용 습기제거제', '제습제', '약 11,900원', 'GS SHOP/쿠팡', '옷장과 서랍장 같은 밀폐 공간에 넣는 1회용 습기제거제로 곰팡이와 냄새 발생을 줄이는 계절 보조용품', '장마철이나 환절기 옷장 속 눅눅함과 곰팡이 냄새가 걱정될 때', '습기를 다 흡수하면 교체가 필요하며 방충 목적이면 별도 제품이 필요합니다.', '/cleanloop/images/selection-moolmukneunhama-closet.png', '4.6', '후기 1,561개', FALSE, 'http://m.gsshop.com/', 'published', 27),
    ('c1000000-0000-0000-0000-000000000019', 'saioang-cat-litter-deodorizer', 'product', '반려동물', '세이오앙 고양이 모래 탈취제 1000ml', '모래탈취', '약 12,000원', '비마이펫', '천연 야자나무 활성탄 기반 고양이 모래 전용 탈취제로 기존 모래에 섞어 냄새를 흡착합니다.', '고양이 화장실 냄새가 반복적으로 신경 쓰이지만 모래 자체를 바꾸긴 번거로운 집', '개체별 기호성 차이가 있을 수 있어 소량 테스트가 좋습니다.', '/cleanloop/images/selection-saioang-cat-litter-deodorizer.png', '5.0', '후기 11개', TRUE, 'https://store.bemypet.kr/', 'published', 28),
    ('c1000000-0000-0000-0000-000000000020', 'urine-off-puppy', 'product', '반려동물', '유린오프 독 앤 퍼피 소변냄새제거제 500ml', '소변냄새', '약 22,500원', '피그독/도그팡', '효소와 박테리아로 소변의 요산 결정까지 분해해 냄새 근원을 제거하는 반려동물 전용 클리너', '배변 실수가 잦은 반려동물 가정에서 마른 소변 얼룩과 냄새가 섬유류에 남았을 때', '판매처별 재고 상황과 원단, 색상 변색 여부를 테스트하세요.', '/cleanloop/images/selection-urine-off-puppy.png', '5.0', '후기 5개', FALSE, 'https://pigdog.co.kr/', 'published', 29),
    ('c1000000-0000-0000-0000-000000000021', 'easy-safe-pet-spray', 'product', '반려동물', '이지세이프펫 반려동물 살균 탈취제 스프레이', '살균탈취', '약 2,960~45,500원', '심콩스토어', '자연유래 미네랄 성분 기반의 무색, 무취 살균 탈취 스프레이로 반려동물 냄새 관리에 씁니다.', '반려동물과 아이가 함께 있어 저자극 살균과 탈취가 필요한 상황', '무독성, 저자극은 판매처 설명이므로 전 성분표를 별도로 확인하세요.', '/cleanloop/images/selection-easy-safe-pet-spray.png', '확인 안 됨', '개별 후기 8건', FALSE, 'https://simkongcat.com/', 'published', 30),
    ('c1000000-0000-0000-0000-000000000022', 'daiso-recycle-bin', 'product', '소모품', '다이소 봉투 거치 분리수거함 48L', '분리수거함', '약 5,000원', '다이소몰', '종량제봉투와 분리수거 봉투를 뚜껑 안쪽에 거치해 쓰는 48L 용량 정리함', '베란다나 다용도실에서 종량제봉투와 분리수거 봉투가 흐트러지기 쉬운 가구', '사용하는 봉투 규격과 설치 공간 크기를 확인하세요.', '/cleanloop/images/selection-daiso-recycle-bin.png', '4.8', '후기 1,252개', FALSE, 'https://www.daisomall.co.kr/', 'published', 31),
    ('c1000000-0000-0000-0000-000000000023', 'daiso-microfiber-cloth', 'product', '소모품', '다이소 뽑아 쓰는 다회용 극세사 걸레 12매', '극세사걸레', '약 2,000원', '다이소몰', '티슈처럼 한 장씩 뽑아 쓰고 세탁 후 재사용 가능한 극세사 걸레 12매 세트', '주방, 거실, 욕실의 먼지와 물기를 매일 가볍고 위생적으로 닦고 싶을 때', '극세사 특성상 단독 세탁하고 고온, 표백제, 섬유유연제는 피하세요.', '/cleanloop/images/selection-daiso-microfiber-cloth.png', '4.7', '후기 453개', FALSE, 'https://www.daisomall.co.kr/', 'published', 32),
    ('c1000000-0000-0000-0000-000000000024', 'tamsaa-nitrile-gloves', 'product', '소모품', '탐사 니트릴 장갑 블랙 200개입', '청소장갑', '약 15,990원', '쿠팡/다나와', '청소, 설거지, 잡일 시 손을 보호하는 라텍스 프리 블랙 니트릴 일회용 장갑 200개입', '화장실이나 주방에서 세제와 이물질을 직접 만지지 않고 청소해야 할 때', '라텍스 알레르기 여부와 사이즈를 확인하세요.', '/cleanloop/images/selection-tamsaa-nitrile-gloves.png', '확인 안 됨', '판매처별 상이', FALSE, 'https://prod.danawa.com/info/?pcode=31663085', 'published', 33);

INSERT INTO selection_attributes (selection_item_id, kind, attribute_value, sort_order) VALUES
    ('c1000000-0000-0000-0000-000000000001', 'tag', '세탁조클리너', 1),
    ('c1000000-0000-0000-0000-000000000001', 'tag', '세탁기청소', 2),
    ('c1000000-0000-0000-0000-000000000001', 'tag', '냄새제거', 3),
    ('c1000000-0000-0000-0000-000000000001', 'check', '세탁기 종류와 권장 사용량을 구매처 상세 페이지에서 확인하세요.', 1),
    ('c1000000-0000-0000-0000-000000000002', 'tag', '섬유향기부스터', 1),
    ('c1000000-0000-0000-0000-000000000002', 'tag', '냄새관리', 2),
    ('c1000000-0000-0000-0000-000000000002', 'tag', '세탁보조제', 3),
    ('c1000000-0000-0000-0000-000000000002', 'check', '민감한 피부라면 소량부터 테스트하세요.', 1),
    ('c1000000-0000-0000-0000-000000000003', 'tag', '이불세탁', 1),
    ('c1000000-0000-0000-0000-000000000003', 'tag', '수거배송세탁', 2),
    ('c1000000-0000-0000-0000-000000000003', 'tag', '비대면서비스', 3),
    ('c1000000-0000-0000-0000-000000000003', 'check', '울이나 특수 원단처럼 세탁 제한이 있는 소재인지 확인하세요.', 1),
    ('c1000000-0000-0000-0000-000000000004', 'tag', '곰팡이제거', 1),
    ('c1000000-0000-0000-0000-000000000004', 'tag', '욕실세정제', 2),
    ('c1000000-0000-0000-0000-000000000004', 'tag', '락스스프레이', 3),
    ('c1000000-0000-0000-0000-000000000004', 'check', '산성 세제와 절대 섞지 말고 환기 상태에서 사용하세요.', 1),
    ('c1000000-0000-0000-0000-000000000005', 'tag', '실리콘코킹', 1),
    ('c1000000-0000-0000-0000-000000000005', 'tag', '방수실란트', 2),
    ('c1000000-0000-0000-0000-000000000005', 'tag', '욕실보수', 3),
    ('c1000000-0000-0000-0000-000000000005', 'check', '기존 실리콘 제거와 건조 시간을 확보해야 시공 품질이 안정적입니다.', 1),
    ('c1000000-0000-0000-0000-000000000006', 'tag', '가사도우미', 1),
    ('c1000000-0000-0000-0000-000000000006', 'tag', '정기청소', 2),
    ('c1000000-0000-0000-0000-000000000006', 'tag', '방문서비스', 3),
    ('c1000000-0000-0000-0000-000000000006', 'check', '청소 도구 준비 여부와 포함 범위를 예약 전 확인하세요.', 1),
    ('c1000000-0000-0000-0000-000000000007', 'tag', '도마세트', 1),
    ('c1000000-0000-0000-0000-000000000007', 'tag', '항균', 2),
    ('c1000000-0000-0000-0000-000000000007', 'tag', '교차오염방지', 3),
    ('c1000000-0000-0000-0000-000000000007', 'check', '용도별 색상 구분을 실제 조리 동선에 맞출 수 있는지 확인하세요.', 1),
    ('c1000000-0000-0000-0000-000000000008', 'tag', '수세미', 1),
    ('c1000000-0000-0000-0000-000000000008', 'tag', '항균', 2),
    ('c1000000-0000-0000-0000-000000000008', 'tag', '주방소모품', 3),
    ('c1000000-0000-0000-0000-000000000008', 'check', '코팅 프라이팬에 안전한 재질인지 확인하세요.', 1),
    ('c1000000-0000-0000-0000-000000000009', 'tag', '렌지후드', 1),
    ('c1000000-0000-0000-0000-000000000009', 'tag', '필터세정제', 2),
    ('c1000000-0000-0000-0000-000000000009', 'tag', '기름때제거', 3),
    ('c1000000-0000-0000-0000-000000000009', 'check', '희석 비율과 적용 가능한 필터 재질을 확인하세요.', 1),
    ('c1000000-0000-0000-0000-000000000010', 'tag', '비대면수거', 1),
    ('c1000000-0000-0000-0000-000000000010', 'tag', '정기구독', 2),
    ('c1000000-0000-0000-0000-000000000010', 'tag', '자취생', 3),
    ('c1000000-0000-0000-0000-000000000010', 'check', '서비스 가능 지역과 건물 출입 방식을 확인하세요.', 1),
    ('c1000000-0000-0000-0000-000000000011', 'tag', '음식물처리기', 1),
    ('c1000000-0000-0000-0000-000000000011', 'tag', '탈취가전', 2),
    ('c1000000-0000-0000-0000-000000000011', 'tag', '감량', 3),
    ('c1000000-0000-0000-0000-000000000011', 'check', '활성탄 필터 교체 주기와 유지비를 함께 계산하세요.', 1),
    ('c1000000-0000-0000-0000-000000000012', 'tag', '음식물쓰레기통', 1),
    ('c1000000-0000-0000-0000-000000000012', 'tag', '진공밀폐', 2),
    ('c1000000-0000-0000-0000-000000000012', 'tag', '가성비', 3),
    ('c1000000-0000-0000-0000-000000000012', 'check', '장기 내구성과 세척 편의성을 후기에서 추가 확인하세요.', 1),
    ('c1000000-0000-0000-0000-000000000013', 'tag', '물걸레밀대', 1),
    ('c1000000-0000-0000-0000-000000000013', 'tag', '스프레이밀대', 2),
    ('c1000000-0000-0000-0000-000000000013', 'tag', '극세사패드', 3),
    ('c1000000-0000-0000-0000-000000000013', 'check', '리필 패드 규격이 구매 가능한지 함께 확인하세요.', 1),
    ('c1000000-0000-0000-0000-000000000014', 'tag', '정전기청소포', 1),
    ('c1000000-0000-0000-0000-000000000014', 'tag', '먼지제거', 2),
    ('c1000000-0000-0000-0000-000000000014', 'tag', '밀대리필', 3),
    ('c1000000-0000-0000-0000-000000000014', 'check', '물걸레용과 건식 전용 구분을 확인하세요.', 1),
    ('c1000000-0000-0000-0000-000000000015', 'tag', '방문청소', 1),
    ('c1000000-0000-0000-0000-000000000015', 'tag', '가사도우미', 2),
    ('c1000000-0000-0000-0000-000000000015', 'tag', '정기청소', 3),
    ('c1000000-0000-0000-0000-000000000015', 'check', '예약 전 실시간 견적과 포함 범위를 확인하세요.', 1),
    ('c1000000-0000-0000-0000-000000000016', 'tag', '에어컨청소', 1),
    ('c1000000-0000-0000-0000-000000000016', 'tag', '방문서비스', 2),
    ('c1000000-0000-0000-0000-000000000016', 'tag', '여름가전관리', 3),
    ('c1000000-0000-0000-0000-000000000016', 'check', '기종별 가격과 분해 범위를 예약 전 확인하세요.', 1),
    ('c1000000-0000-0000-0000-000000000017', 'tag', '제습기', 1),
    ('c1000000-0000-0000-0000-000000000017', 'tag', '장마철가전', 2),
    ('c1000000-0000-0000-0000-000000000017', 'tag', '위닉스', 3),
    ('c1000000-0000-0000-0000-000000000017', 'check', '연속배수 가능 여부와 설치 위치를 확인하세요.', 1),
    ('c1000000-0000-0000-0000-000000000018', 'tag', '제습제', 1),
    ('c1000000-0000-0000-0000-000000000018', 'tag', '옷장관리', 2),
    ('c1000000-0000-0000-0000-000000000018', 'tag', '장마철습기', 3),
    ('c1000000-0000-0000-0000-000000000018', 'check', '보관 공간 크기에 맞는 개수와 교체 주기를 정하세요.', 1),
    ('c1000000-0000-0000-0000-000000000019', 'tag', '고양이', 1),
    ('c1000000-0000-0000-0000-000000000019', 'tag', '탈취', 2),
    ('c1000000-0000-0000-0000-000000000019', 'tag', '모래', 3),
    ('c1000000-0000-0000-0000-000000000019', 'check', '유통기한과 모래 호환성을 확인하세요.', 1),
    ('c1000000-0000-0000-0000-000000000020', 'tag', '소변냄새제거', 1),
    ('c1000000-0000-0000-0000-000000000020', 'tag', '효소세정제', 2),
    ('c1000000-0000-0000-0000-000000000020', 'tag', '얼룩제거', 3),
    ('c1000000-0000-0000-0000-000000000020', 'check', '카펫, 침구, 매트리스 사용 가능 범위를 확인하세요.', 1),
    ('c1000000-0000-0000-0000-000000000021', 'tag', '살균스프레이', 1),
    ('c1000000-0000-0000-0000-000000000021', 'tag', '무독성', 2),
    ('c1000000-0000-0000-0000-000000000021', 'tag', '탈취', 3),
    ('c1000000-0000-0000-0000-000000000021', 'check', '원단과 표면별 변색 여부를 소량 테스트하세요.', 1),
    ('c1000000-0000-0000-0000-000000000022', 'tag', '종량제봉투정리', 1),
    ('c1000000-0000-0000-0000-000000000022', 'tag', '분리수거함', 2),
    ('c1000000-0000-0000-0000-000000000022', 'tag', '다이소', 3),
    ('c1000000-0000-0000-0000-000000000022', 'check', '뚜껑 거치 방식이 쓰는 봉투 리터 수와 맞는지 확인하세요.', 1),
    ('c1000000-0000-0000-0000-000000000023', 'tag', '극세사걸레', 1),
    ('c1000000-0000-0000-0000-000000000023', 'tag', '다회용청소포', 2),
    ('c1000000-0000-0000-0000-000000000023', 'tag', '다이소', 3),
    ('c1000000-0000-0000-0000-000000000023', 'check', '색상이나 보관 방식으로 구역별 사용을 나누면 좋습니다.', 1),
    ('c1000000-0000-0000-0000-000000000024', 'tag', '니트릴장갑', 1),
    ('c1000000-0000-0000-0000-000000000024', 'tag', '일회용청소장갑', 2),
    ('c1000000-0000-0000-0000-000000000024', 'tag', '위생장갑', 3),
    ('c1000000-0000-0000-0000-000000000024', 'check', 'S, M, L 사이즈와 파우더 프리 여부를 확인하세요.', 1);

INSERT INTO provider_options (id, selection_item_id, name, rating_text, price_text, note, external_url, sort_order, is_active) VALUES
    ('d1000000-0000-0000-0000-000000000101', 'c1000000-0000-0000-0000-000000000003', '세탁특공대', '확인 안 됨', '공식 가격표 확인', '이불 수거 세탁', 'https://www.getwashswat.com/price', 1, TRUE),
    ('d1000000-0000-0000-0000-000000000102', 'c1000000-0000-0000-0000-000000000006', '미소', '확인 안 됨', '2시간 34,900원부터', '홈클린 방문', 'https://miso.kr/homeclean', 2, TRUE),
    ('d1000000-0000-0000-0000-000000000103', 'c1000000-0000-0000-0000-000000000010', '오늘수거', '확인 안 됨', '100g당 약 140원', '비대면 수거', 'https://apps.apple.com/kr/app/id1606684132', 3, TRUE),
    ('d1000000-0000-0000-0000-000000000104', 'c1000000-0000-0000-0000-000000000015', '청소연구소', '확인 안 됨', '예약 화면 확인', '방문청소 매칭', 'https://www.cleaninglab.co.kr/office_clean', 4, TRUE),
    ('d1000000-0000-0000-0000-000000000105', 'c1000000-0000-0000-0000-000000000016', '미소', '확인 안 됨', '94,500원부터', '에어컨 분해청소', 'https://miso.kr/appclean', 5, TRUE);

INSERT INTO community_posts (id, type, title, tag, body, image_url, helpful_count, comments_count, answers_count, saved_count, status, is_recommended, created_at) VALUES
    ('e1000000-0000-0000-0000-000000000001', 'tips', '수건 냄새는 세탁조와 건조 습관을 같이 봅니다', '세탁', '수건과 의류 냄새는 세탁조 곰팡이와 불완전 건조에서 시작되는 경우가 많습니다. 수건은 단독 세탁하고 세탁 직후 바로 건조하세요. 세탁조는 통돌이 월 1회, 드럼 월 1~2회 청소하고 침구는 60도 안팎의 물로 1~2주마다 세탁하는 흐름이 좋습니다.', '/cleanloop/images/tip-laundry.png', 47, 0, 0, 11, 'published', FALSE, DATEADD('DAY', -21, CURRENT_TIMESTAMP)),
    ('e1000000-0000-0000-0000-000000000002', 'tips', '욕실 물때와 곰팡이는 원인별로 다르게 지웁니다', '욕실', '샤워 직후 물기를 제거하고 30분 이상 환기하면 곰팡이 번식 속도를 늦출 수 있습니다. 분홍 물때는 세라티아균이라 살균이 필요하고, 실리콘 틈 검은 곰팡이는 락스를 적신 휴지를 밀착해 두는 방식이 효과적입니다.', '/cleanloop/images/tip-bath.png', 46, 0, 0, 10, 'published', FALSE, DATEADD('DAY', -22, CURRENT_TIMESTAMP)),
    ('e1000000-0000-0000-0000-000000000003', 'tips', '주방 기름때와 도마 위생은 순서가 핵심입니다', '주방', '기름때는 따뜻한 물과 주방세제로 먼저 불리고 베이킹소다와 식초는 순서대로 씁니다. 도마는 육류, 생선, 채소용을 나누는 편이 좋고 나무 도마는 소금과 레몬으로 냄새를 줄인 뒤 세워 말리세요.', '/cleanloop/images/tip-kitchen.png', 45, 0, 0, 9, 'published', FALSE, DATEADD('DAY', -23, CURRENT_TIMESTAMP)),
    ('e1000000-0000-0000-0000-000000000004', 'tips', '음식물쓰레기 악취는 수분 제거가 먼저입니다', '수거', '음식물쓰레기 냄새는 수분 관리가 핵심입니다. 신문지나 거름망으로 물기를 빼고 소량이라도 자주 배출하세요. 냉동 보관은 세균이 사멸하지 않아 권장되지 않으며 베이킹소다와 식초는 보조 탈취 수단으로 쓰면 좋습니다.', '/cleanloop/images/tip-trash.png', 44, 0, 0, 8, 'published', FALSE, DATEADD('DAY', -24, CURRENT_TIMESTAMP)),
    ('e1000000-0000-0000-0000-000000000005', 'tips', '바닥은 먼지 제거 후 물걸레질해야 합니다', '바닥', '먼지 위에 물을 얹으면 먼지가 뭉쳐 다시 달라붙습니다. 정전기포나 청소기로 마른 먼지를 먼저 걷고 물걸레질하세요. 청소 순서는 위에서 아래로, 깨끗한 구역에서 더러운 구역으로 이동하는 편이 효율적입니다.', '/cleanloop/images/tip-floor.png', 43, 0, 0, 7, 'published', FALSE, DATEADD('DAY', -25, CURRENT_TIMESTAMP)),
    ('e1000000-0000-0000-0000-000000000006', 'tips', '에어컨 냄새는 필터보다 건조 루틴이 중요합니다', '계절', '에어컨 필터는 2주에 한 번 청소하고 사용 후 송풍 모드로 내부를 말리는 습관이 필요합니다. 냄새가 심하면 냉방과 송풍을 조합해 내부 응축수를 만들고 건조시키며, 송풍팬 깊숙한 곰팡이는 분해 세척이 필요할 수 있습니다.', '/cleanloop/images/tip-season.png', 42, 0, 0, 6, 'published', FALSE, DATEADD('DAY', -26, CURRENT_TIMESTAMP)),
    ('e1000000-0000-0000-0000-000000000007', 'tips', '반려동물 냄새는 즉시 처리와 침구 관리가 좌우합니다', '반려', '배변 실수는 장판에 스며들기 전에 바로 닦고, 소변 부위는 수분을 충분히 제거한 뒤 베이킹소다로 냄새를 흡수시키세요. 침구와 쿠션은 최소 월 2회 세탁하고 화장실과 배변패드는 자주 갈아주는 편이 좋습니다.', '/cleanloop/images/tip-pet.png', 41, 0, 0, 5, 'published', FALSE, DATEADD('DAY', -27, CURRENT_TIMESTAMP)),
    ('e1000000-0000-0000-0000-000000000008', 'tips', '스펀지와 걸레는 정기 교체가 청소의 일부입니다', '소모품', '주방 스펀지와 행주는 세균 밀도가 높은 물건이라 주 1회 교체가 권장됩니다. 교체 전에는 전자레인지나 식기세척기 고온 코스로 살균하고, 걸레와 로봇청소기 패드도 구역별로 나누고 정기 교체하세요.', '/cleanloop/images/tip-supplies.png', 40, 0, 0, 4, 'published', FALSE, DATEADD('DAY', -28, CURRENT_TIMESTAMP)),
    ('e1000000-0000-0000-0000-000000000101', 'qa', '수건을 매번 빨아도 쉰내가 나요. 세제를 바꿔야 하나요?', '세탁', '세탁을 했는데도 수건에서 퀴퀴한 냄새가 나고 세제나 섬유유연제를 바꿔도 며칠 뒤 다시 냄새가 올라오는 상황입니다.', '/cleanloop/images/qna-washer-gasket-mold.png', 27, 0, 2, 7, 'published', FALSE, DATEADD('DAY', -29, CURRENT_TIMESTAMP)),
    ('e1000000-0000-0000-0000-000000000102', 'qa', '침구는 얼마나 자주, 어떻게 세탁해야 진드기가 줄어드나요?', '세탁', '알레르기 비염이나 피부 트러블이 있을 때 침구 관리 주기와 세탁 방법을 묻는 상황입니다.', NULL, 26, 0, 2, 7, 'published', FALSE, DATEADD('DAY', -30, CURRENT_TIMESTAMP)),
    ('e1000000-0000-0000-0000-000000000103', 'qa', '욕실 벽에 자꾸 생기는 분홍색 얼룩은 곰팡이인가요?', '욕실', '검은 곰팡이와 달리 분홍빛 얼룩이 욕조나 세면대 주변에 생겨 무엇인지 궁금한 상황입니다.', '/cleanloop/images/qna-pink-slime.png', 25, 0, 2, 6, 'published', FALSE, DATEADD('DAY', -31, CURRENT_TIMESTAMP)),
    ('e1000000-0000-0000-0000-000000000104', 'qa', '실리콘 틈새 검은 곰팡이는 문질러도 안 지워지는데 방법이 없나요?', '욕실', '일반 세정제와 솔로 문질러도 실리콘 틈의 검은 자국이 남아 재청소를 반복하는 상황입니다.', '/cleanloop/images/qna-mold-paper-towel.png', 24, 0, 2, 6, 'published', FALSE, DATEADD('DAY', -32, CURRENT_TIMESTAMP)),
    ('e1000000-0000-0000-0000-000000000105', 'qa', '나무 도마에서 나는 비린내, 세제로 씻어도 안 없어져요.', '주방', '생선이나 고기를 손질한 뒤 나무 도마에 냄새가 배어 세제로 여러 번 씻어도 남아있는 상황입니다.', '/cleanloop/images/qna-cutting-board-lemon-salt.png', 23, 0, 2, 6, 'published', FALSE, DATEADD('DAY', -33, CURRENT_TIMESTAMP)),
    ('e1000000-0000-0000-0000-000000000106', 'qa', '도마를 육류/채소용으로 꼭 나눠야 할까요? 하나로 써도 되나요?', '주방', '도마를 여러 개 두기 번거로워 하나로 모든 식재료를 손질해도 괜찮은지 묻는 상황입니다.', NULL, 22, 0, 2, 5, 'published', FALSE, DATEADD('DAY', -34, CURRENT_TIMESTAMP)),
    ('e1000000-0000-0000-0000-000000000107', 'qa', '음식물쓰레기, 냉동실에 얼려서 모아 버려도 괜찮나요?', '수거', '음식물쓰레기를 자주 배출하기 번거로워 냉동실에 모아뒀다가 한 번에 버려도 되는지 묻는 상황입니다.', NULL, 21, 0, 2, 5, 'published', FALSE, DATEADD('DAY', -35, CURRENT_TIMESTAMP)),
    ('e1000000-0000-0000-0000-000000000108', 'qa', '음식물쓰레기 봉투를 열 때마다 냄새가 훅 올라와요. 줄일 방법이 있나요?', '수거', '음식물쓰레기 봉투를 여닫을 때마다 악취가 올라와 스트레스를 받는 상황입니다.', NULL, 20, 0, 2, 5, 'published', FALSE, DATEADD('DAY', -36, CURRENT_TIMESTAMP)),
    ('e1000000-0000-0000-0000-000000000109', 'qa', '청소기와 물걸레, 어떤 걸 먼저 해야 더 깨끗해지나요?', '바닥', '청소기와 물걸레 순서를 바꿔가며 청소해도 어느 쪽이 더 효율적인지 헷갈리는 상황입니다.', NULL, 19, 0, 2, 4, 'published', FALSE, DATEADD('DAY', -37, CURRENT_TIMESTAMP)),
    ('e1000000-0000-0000-0000-000000000110', 'qa', '바닥 재질에 따라 청소 세제도 다르게 써야 하나요?', '바닥', '장판과 타일이 섞인 집에서 같은 세제를 써도 되는지 묻는 상황입니다.', NULL, 18, 0, 2, 4, 'published', FALSE, DATEADD('DAY', -38, CURRENT_TIMESTAMP)),
    ('e1000000-0000-0000-0000-000000000111', 'qa', '에어컨 필터만 청소하면 곰팡이 냄새가 없어지나요?', '계절', '필터를 닦아도 에어컨을 켤 때 곰팡이 냄새가 계속 나는 상황입니다.', NULL, 17, 0, 2, 4, 'published', FALSE, DATEADD('DAY', -39, CURRENT_TIMESTAMP)),
    ('e1000000-0000-0000-0000-000000000112', 'qa', '에어컨 청소는 얼마나 자주 해야 하나요?', '계절', '여름철 처음 켤 때 냄새가 심해 관리 주기를 미리 알고 싶은 상황입니다.', NULL, 16, 0, 2, 3, 'published', FALSE, DATEADD('DAY', -40, CURRENT_TIMESTAMP)),
    ('e1000000-0000-0000-0000-000000000113', 'qa', '강아지 오줌 자국을 닦았는데 시간이 지나면 냄새가 다시 올라와요.', '반려', '눈에 보이는 자국은 바로 닦았는데도 하루 이틀 뒤 냄새가 다시 나는 상황입니다.', NULL, 15, 0, 2, 3, 'published', FALSE, DATEADD('DAY', -41, CURRENT_TIMESTAMP)),
    ('e1000000-0000-0000-0000-000000000114', 'qa', '반려동물 냄새 없애려면 방향제만 뿌려도 되나요?', '반려', '손님이 오기 전 방향제로 냄새만 가리려는 경우 근본 해결법을 묻는 상황입니다.', NULL, 14, 0, 2, 3, 'published', FALSE, DATEADD('DAY', -42, CURRENT_TIMESTAMP)),
    ('e1000000-0000-0000-0000-000000000115', 'qa', '주방 스펀지, 냄새 나기 전까지 계속 써도 되나요?', '소모품', '스펀지가 멀쩡해 보여 냄새가 나기 전까지 계속 써도 되는지 묻는 상황입니다.', NULL, 13, 0, 2, 2, 'published', FALSE, DATEADD('DAY', -43, CURRENT_TIMESTAMP)),
    ('e1000000-0000-0000-0000-000000000116', 'qa', '걸레는 몇 개나 준비해야 하고, 얼마나 자주 바꿔야 하나요?', '소모품', '걸레 하나로 온 집을 다 닦아도 되는지, 따로 준비해야 하는지 묻는 상황입니다.', NULL, 12, 0, 2, 2, 'published', FALSE, DATEADD('DAY', -44, CURRENT_TIMESTAMP));

INSERT INTO community_comments (id, post_id, user_id, body, created_at) VALUES
    ('f1000000-0000-0000-0000-000000000001', 'e1000000-0000-0000-0000-000000000101', 'a0000000-0000-0000-0000-000000000001', '세제보다 세탁기 내부 곰팡이를 먼저 의심하세요. 통돌이는 월 1회, 드럼은 월 1~2회 세탁조 클리너로 청소하고 고무 패킹 안쪽 물기를 닦아주세요.', DATEADD('DAY', -29, CURRENT_TIMESTAMP)),
    ('f1000000-0000-0000-0000-000000000002', 'e1000000-0000-0000-0000-000000000101', 'a0000000-0000-0000-0000-000000000001', '수건은 다른 빨래와 섞지 말고 단독 세탁한 뒤 바로 널어 완전히 건조하세요. 젖은 상태로 방치되는 시간이 길수록 냄새가 다시 올라옵니다.', DATEADD('DAY', -29, CURRENT_TIMESTAMP)),
    ('f1000000-0000-0000-0000-000000000003', 'e1000000-0000-0000-0000-000000000102', 'a0000000-0000-0000-0000-000000000001', '이불과 베개커버는 60도 안팎의 뜨거운 물로 1~2주에 한 번 세탁하고 햇볕에 완전히 말리는 편이 좋습니다.', DATEADD('DAY', -30, CURRENT_TIMESTAMP)),
    ('f1000000-0000-0000-0000-000000000004', 'e1000000-0000-0000-0000-000000000102', 'a0000000-0000-0000-0000-000000000001', '매트리스처럼 통째로 세탁하기 어려운 물건은 베이킹소다를 뿌려 1~2시간 둔 뒤 청소기로 흡입하면 흡습과 탈취에 도움이 됩니다.', DATEADD('DAY', -30, CURRENT_TIMESTAMP)),
    ('f1000000-0000-0000-0000-000000000005', 'e1000000-0000-0000-0000-000000000103', 'a0000000-0000-0000-0000-000000000001', '분홍 얼룩은 곰팡이가 아니라 세라티아 마르세센스라는 박테리아인 경우가 많습니다. 습한 욕조와 샤워기 주변에 잘 생겨 발견 즉시 제거하는 편이 좋습니다.', DATEADD('DAY', -31, CURRENT_TIMESTAMP)),
    ('f1000000-0000-0000-0000-000000000006', 'e1000000-0000-0000-0000-000000000103', 'a0000000-0000-0000-0000-000000000001', '락스나 식초 희석액으로 표면을 닦아내고, 청소 후에는 물기를 제거하고 환기해 재발 조건을 줄이세요.', DATEADD('DAY', -31, CURRENT_TIMESTAMP)),
    ('f1000000-0000-0000-0000-000000000007', 'e1000000-0000-0000-0000-000000000104', 'a0000000-0000-0000-0000-000000000001', '락스를 적신 휴지를 곰팡이 부위에 붙이고 1~2시간, 심하면 반나절 정도 둔 뒤 떼어내면 밀착 시간이 확보되어 효과적입니다. 반드시 환기하고 마스크를 착용하세요.', DATEADD('DAY', -32, CURRENT_TIMESTAMP)),
    ('f1000000-0000-0000-0000-000000000008', 'e1000000-0000-0000-0000-000000000104', 'a0000000-0000-0000-0000-000000000001', '재발을 줄이려면 샤워 후 부스나 커튼을 열어 내부를 완전히 말리고 실리콘 주변 물기를 닦아주세요.', DATEADD('DAY', -32, CURRENT_TIMESTAMP)),
    ('f1000000-0000-0000-0000-000000000009', 'e1000000-0000-0000-0000-000000000105', 'a0000000-0000-0000-0000-000000000001', '나무는 다공성 재질이라 세제가 틈새에 스며들 수 있습니다. 굵은 소금을 뿌리고 레몬 반쪽으로 문지른 뒤 미지근한 물로 헹궈보세요.', DATEADD('DAY', -33, CURRENT_TIMESTAMP)),
    ('f1000000-0000-0000-0000-000000000010', 'e1000000-0000-0000-0000-000000000105', 'a0000000-0000-0000-0000-000000000001', '세척 후에는 눕혀두지 말고 세워서 완전히 건조하세요. 축축한 상태로 보관하면 세균 번식과 냄새 재발 가능성이 커집니다.', DATEADD('DAY', -33, CURRENT_TIMESTAMP)),
    ('f1000000-0000-0000-0000-000000000011', 'e1000000-0000-0000-0000-000000000106', 'a0000000-0000-0000-0000-000000000001', '가능하면 나누는 것을 권장합니다. 같은 도마로 여러 식재료를 손질하면 교차오염 위험이 커집니다.', DATEADD('DAY', -34, CURRENT_TIMESTAMP)),
    ('f1000000-0000-0000-0000-000000000012', 'e1000000-0000-0000-0000-000000000106', 'a0000000-0000-0000-0000-000000000001', '도마를 하나만 써야 한다면 육류와 생선을 손질한 직후 뜨거운 물이나 식초로 살균한 뒤 다음 재료를 손질하세요.', DATEADD('DAY', -34, CURRENT_TIMESTAMP)),
    ('f1000000-0000-0000-0000-000000000013', 'e1000000-0000-0000-0000-000000000107', 'a0000000-0000-0000-0000-000000000001', '권장되지 않습니다. 냉동실에서도 살아남는 저온성 세균이 있어 위생상 안전한 보관법으로 보기 어렵습니다.', DATEADD('DAY', -35, CURRENT_TIMESTAMP)),
    ('f1000000-0000-0000-0000-000000000014', 'e1000000-0000-0000-0000-000000000107', 'a0000000-0000-0000-0000-000000000001', '소량이라도 자주 배출하는 것이 가장 안전하고, 부득이하게 모아야 한다면 물기를 최대한 제거한 뒤 밀봉하세요.', DATEADD('DAY', -35, CURRENT_TIMESTAMP)),
    ('f1000000-0000-0000-0000-000000000015', 'e1000000-0000-0000-0000-000000000108', 'a0000000-0000-0000-0000-000000000001', '버릴 때마다 베이킹소다를 2~3스푼 뿌리면 산성 냄새를 알칼리 성분이 중화하는 데 도움이 됩니다.', DATEADD('DAY', -36, CURRENT_TIMESTAMP)),
    ('f1000000-0000-0000-0000-000000000016', 'e1000000-0000-0000-0000-000000000108', 'a0000000-0000-0000-0000-000000000001', '식초를 분무기에 담아 가볍게 뿌리면 살균과 탈취를 함께 보조할 수 있습니다. 단, 밀폐 전 수분은 최대한 줄이세요.', DATEADD('DAY', -36, CURRENT_TIMESTAMP)),
    ('f1000000-0000-0000-0000-000000000017', 'e1000000-0000-0000-0000-000000000109', 'a0000000-0000-0000-0000-000000000001', '마른 청소를 먼저 하고 물걸레를 나중에 해야 합니다. 먼지 위에 바로 물을 얹으면 먼지가 뭉쳐 바닥에 다시 달라붙습니다.', DATEADD('DAY', -37, CURRENT_TIMESTAMP)),
    ('f1000000-0000-0000-0000-000000000018', 'e1000000-0000-0000-0000-000000000109', 'a0000000-0000-0000-0000-000000000001', '정전기포나 청소기로 머리카락과 큰 먼지를 먼저 걷어내면 물걸레 자국과 재오염이 줄어듭니다.', DATEADD('DAY', -37, CURRENT_TIMESTAMP)),
    ('f1000000-0000-0000-0000-000000000019', 'e1000000-0000-0000-0000-000000000110', 'a0000000-0000-0000-0000-000000000001', '장판과 비닐 바닥에는 락스 같은 염소계 표백제가 변색이나 코팅 손상을 만들 수 있어 중성세제가 안전합니다.', DATEADD('DAY', -38, CURRENT_TIMESTAMP)),
    ('f1000000-0000-0000-0000-000000000020', 'e1000000-0000-0000-0000-000000000110', 'a0000000-0000-0000-0000-000000000001', '타일과 대리석 줄눈은 따뜻한 물과 중성세제 또는 스팀청소기를 쓰면 깊은 오염 제거에 도움이 됩니다.', DATEADD('DAY', -38, CURRENT_TIMESTAMP)),
    ('f1000000-0000-0000-0000-000000000021', 'e1000000-0000-0000-0000-000000000111', 'a0000000-0000-0000-0000-000000000001', '필터 청소만으로는 부족할 수 있습니다. 증발기와 송풍팬 깊숙한 곰팡이는 필터와 별개 문제입니다.', DATEADD('DAY', -39, CURRENT_TIMESTAMP)),
    ('f1000000-0000-0000-0000-000000000022', 'e1000000-0000-0000-0000-000000000111', 'a0000000-0000-0000-0000-000000000001', '사용 후 10~20분 이상 송풍 모드로 내부를 건조시키고, 냄새가 심하면 전문가 분해 세척을 고려하세요.', DATEADD('DAY', -39, CURRENT_TIMESTAMP)),
    ('f1000000-0000-0000-0000-000000000023', 'e1000000-0000-0000-0000-000000000112', 'a0000000-0000-0000-0000-000000000001', '필터는 2주에 한 번 정도 청소하는 것이 권장됩니다.', DATEADD('DAY', -40, CURRENT_TIMESTAMP)),
    ('f1000000-0000-0000-0000-000000000024', 'e1000000-0000-0000-0000-000000000112', 'a0000000-0000-0000-0000-000000000001', '냄새가 심할 때는 냉방 1시간과 송풍 1시간 루틴을 주 2~3회, 2주 정도 반복하면 완화에 도움이 될 수 있습니다.', DATEADD('DAY', -40, CURRENT_TIMESTAMP)),
    ('f1000000-0000-0000-0000-000000000025', 'e1000000-0000-0000-0000-000000000113', 'a0000000-0000-0000-0000-000000000001', '눈에 보이는 자국보다 소변이 더 넓게 퍼져 있을 수 있어 얼룩 부위보다 조금 더 넓게 닦아야 합니다.', DATEADD('DAY', -41, CURRENT_TIMESTAMP)),
    ('f1000000-0000-0000-0000-000000000026', 'e1000000-0000-0000-0000-000000000113', 'a0000000-0000-0000-0000-000000000001', '수분을 충분히 닦아낸 뒤 베이킹소다를 표면이 덮이도록 뿌려 남은 습기와 냄새를 흡수시키세요.', DATEADD('DAY', -41, CURRENT_TIMESTAMP)),
    ('f1000000-0000-0000-0000-000000000027', 'e1000000-0000-0000-0000-000000000114', 'a0000000-0000-0000-0000-000000000001', '방향제는 임시방편입니다. 배변 직후 즉시 청소하고 침구와 쿠션을 최소 월 2회 세탁해야 냄새가 줄어듭니다.', DATEADD('DAY', -42, CURRENT_TIMESTAMP)),
    ('f1000000-0000-0000-0000-000000000028', 'e1000000-0000-0000-0000-000000000114', 'a0000000-0000-0000-0000-000000000001', '화장실이나 배변판, 모래도 자주 갈아주세요. 화장실이 더러우면 다른 곳에 배변해 냄새 관리가 어려워질 수 있습니다.', DATEADD('DAY', -42, CURRENT_TIMESTAMP)),
    ('f1000000-0000-0000-0000-000000000029', 'e1000000-0000-0000-0000-000000000115', 'a0000000-0000-0000-0000-000000000001', '권장되지 않습니다. 주방 스펀지와 행주는 세균 밀도가 높아 주 1회 교체가 권장됩니다.', DATEADD('DAY', -43, CURRENT_TIMESTAMP)),
    ('f1000000-0000-0000-0000-000000000030', 'e1000000-0000-0000-0000-000000000115', 'a0000000-0000-0000-0000-000000000001', '교체 전까지는 젖은 스펀지를 전자레인지에 1분간 돌리거나 식기세척기 고온 코스로 살균하면 세균을 줄일 수 있습니다.', DATEADD('DAY', -43, CURRENT_TIMESTAMP)),
    ('f1000000-0000-0000-0000-000000000031', 'e1000000-0000-0000-0000-000000000116', 'a0000000-0000-0000-0000-000000000001', '최소 2장 이상을 준비해 주방용과 거실/방용을 나누면 얼룩과 교차오염을 줄일 수 있습니다.', DATEADD('DAY', -44, CURRENT_TIMESTAMP)),
    ('f1000000-0000-0000-0000-000000000032', 'e1000000-0000-0000-0000-000000000116', 'a0000000-0000-0000-0000-000000000001', '로봇청소기 걸레패드와 필터도 습기가 남으면 곰팡이와 쉰내가 생기므로 1~3개월 주기로 점검하고 교체하세요.', DATEADD('DAY', -44, CURRENT_TIMESTAMP));
